[
  {
    "boostsInit": [
      {
        "id": 1,
        "title": "Бабл гам",
        "price": 100,
        "power": 1
      },
      {
        "id": 2,
        "title": "Буба-Буба",
        "price": 8000,
        "power": 8
      },
      {
        "id": 3,
        "title": "Мега Пузыри",
        "price": 50000,
        "power": 20
      },
      {
        "id": 4,
        "title": "Вселенная пузырей",
        "price": 1000000,
        "power": 40
      }
    ]
  }
]
